name,position_label,played_next_prob,played_next_pred,gameweek,has_fixture
Alexander Isak,FWD,0.9467700091178796,1,20,Yes
Erling Haaland,FWD,0.9437727501167125,1,20,Yes
Raúl Jiménez,FWD,0.9405157359307349,1,20,Yes
Iliman Ndiaye,FWD,0.9392992160057048,1,20,Yes
Liam Delap,FWD,0.9389880610129799,1,20,Yes
Dominic Solanke-Mitchell,FWD,0.9388324376383954,1,20,Yes
João Pedro Junqueira de Jesus,FWD,0.9388065946958959,1,20,Yes
Chris Wood,FWD,0.9384058843826081,1,20,Yes
Gabriel Fernando de Jesus,FWD,0.9343274495223324,1,20,Yes
Cody Gakpo,FWD,0.9336125264476336,1,20,Yes
Francisco Evanilson de Lima Barbosa,FWD,0.9331806780413973,1,20,Yes
Jean-Philippe Mateta,FWD,0.932499043964956,1,20,Yes
Jørgen Strand Larsen,FWD,0.9287574521770077,1,20,Yes
Yoane Wissa,FWD,0.928583642783851,1,20,Yes
Jamie Vardy,FWD,0.9280804896054279,1,20,Yes
Rasmus Højlund,FWD,0.9212668211288427,1,20,Yes
Ollie Watkins,FWD,0.9180488236936458,1,20,Yes
Niclas Füllkrug,FWD,0.9149420603187273,1,20,Yes
Nicolas Jackson,FWD,0.9055376482802773,1,20,Yes
Adam Armstrong,FWD,0.8862843308534728,1,20,Yes
Rodrigo Muniz Carvalho,FWD,0.878839415065555,1,20,Yes
Paul Onuachu,FWD,0.8616624313173635,1,20,Yes
Cameron Archer,FWD,0.8411727388904747,1,20,Yes
Dominic Calvert-Lewin,FWD,0.8382701338075371,1,20,Yes
Joshua Zirkzee,FWD,0.8377815048595475,1,20,Yes
Enes Ünal,FWD,0.8220525666476075,1,20,Yes
Armando Broja,FWD,0.8086898725422782,1,20,Yes
Taiwo Awoniyi,FWD,0.7918524480616164,1,20,Yes
Patson Daka,FWD,0.766978723971979,1,20,Yes
Eddie Nketiah,FWD,0.7663001355754454,1,20,Yes
Norberto Bercique Gomes Betuncal,FWD,0.7638889827348443,1,20,Yes
Ali Al-Hamadi,FWD,0.6945501143804954,1,20,Yes
Darwin Núñez Ribeiro,FWD,0.6429846626573656,1,20,Yes
Matheus Santos Carneiro Da Cunha,FWD,0.5402087039266118,1,20,Yes
Danny Ings,FWD,0.5320168734033495,1,20,Yes
Marc Guiu Paz,FWD,0.5175654271584706,1,20,Yes
Kai Havertz,FWD,0.5095451507707438,1,20,Yes
Jhon Durán,FWD,0.4523137585077875,0,20,Yes
Evan Ferguson,FWD,0.389944931123793,0,20,Yes
William Osula,FWD,0.31962127426192743,0,20,Yes
Danny Welbeck,FWD,0.28569614071641936,0,20,Yes
Igor Thiago Nascimento Rodrigues,FWD,0.2712729002451828,0,20,Yes
Michail Antonio,FWD,0.26679225061361445,0,20,Yes
Carlos Vinícius Alves Morais,FWD,0.24697108955777078,0,20,Yes
Callum Wilson,FWD,0.21267678266401482,0,20,Yes
Will Lankshear,FWD,0.15139507517816336,0,20,Yes
Richarlison de Andrade,FWD,0.13764661958175115,0,20,Yes
Odsonne Edouard,FWD,0.11798488527248961,0,20,Yes
George Hirst,FWD,0.10178018720176064,0,20,Yes
Ross Stewart,FWD,0.09648449828718166,0,20,Yes
Ethan Wheatley,FWD,0.07263602983000954,0,20,Yes
Leon Chiwome,FWD,0.07250851381161366,0,20,Yes
Zach Marsh,FWD,0.06717747033370723,0,20,Yes
Emmanuel Dennis,FWD,0.06390584171539754,0,20,Yes
Daniel Jebbison,FWD,0.06328151423139065,0,20,Yes
Nathan Butler-Oyedeji,FWD,0.062400686697051254,0,20,Yes
Divin Mubama,FWD,0.06105120784102607,0,20,Yes
Remy Rees-Dottin,FWD,0.056339699857660845,0,20,Yes
Jayden Danns,FWD,0.05475130762354605,0,20,Yes
Ivan Toney,FWD,0.053974724890702055,0,20,Yes
Deivid Washington de Souza Eugênio,FWD,0.051091288040924866,0,20,Yes
Hwang Ui-jo,FWD,0.04951171894319224,0,20,Yes
Nathan Fraser,FWD,0.04951171894319224,0,20,Yes
Youssef Ramalho Chermiti,FWD,0.04944238503497144,0,20,Yes
Saša Kalajdžić,FWD,0.04659479136640236,0,20,Yes
Freddie Ladapo,FWD,0.046128912438999574,0,20,Yes
Jay Stansfield,FWD,0.04270177082058241,0,20,Yes
Julián Álvarez,FWD,0.04059463193461221,0,20,Yes
Tom Cannon,FWD,0.03706825564296159,0,20,Yes
Sékou Mara,FWD,0.03638730598702249,0,20,Yes
Mark O’Mahony,FWD,0.03626212017067464,0,20,Yes
Romelu Lukaku Bolingoli,FWD,0.03596249084876271,0,20,Yes
Neal Maupay,FWD,0.03590196756420133,0,20,Yes
Deniz Undav,FWD,0.03581200507748958,0,20,Yes
David Datro Fofana,FWD,0.03568448905909371,0,20,Yes
Alejo Véliz,FWD,0.034832259959624426,0,20,Yes
Fábio Silva,FWD,0.034832259959624426,0,20,Yes
Dane Scarlett,FWD,0.03435708406312017,0,20,Yes
Moisés Caicedo Corozo,MID,0.9905833333333333,1,20,Yes
Dejan Kulusevski,MID,0.9688888888888889,1,20,Yes
Bruno Guimarães Rodriguez Moura,MID,0.9683333333333333,1,20,Yes
Mikkel Damsgaard,MID,0.9680238095238096,1,20,Yes
Ismaïla Sarr,MID,0.9579444444444445,1,20,Yes
Ryan Gravenberch,MID,0.95325,1,20,Yes
Bernardo Veiga de Carvalho e Silva,MID,0.9486666666666665,1,20,Yes
Youri Tielemans,MID,0.9450357142857143,1,20,Yes
Jadon Sancho,MID,0.9434999999999999,1,20,Yes
João Victor Gomes da Silva,MID,0.9415,1,20,Yes
Antoine Semenyo,MID,0.9408333333333333,1,20,Yes
Lewis Cook,MID,0.9335000000000001,1,20,Yes
Ryan Christie,MID,0.9303333333333333,1,20,Yes
Lucas Tolentino Coelho de Lima,MID,0.9301666666666667,1,20,Yes
Jens Cajuste,MID,0.93,1,20,Yes
Thomas Partey,MID,0.9293333333333332,1,20,Yes
Boubacar Kamara,MID,0.9281547619047619,1,20,Yes
Mohammed Kudus,MID,0.9272619047619048,1,20,Yes
Edson Álvarez Velázquez,MID,0.9254761904761906,1,20,Yes
Bilal El Khannouss,MID,0.9243333333333332,1,20,Yes
Pedro Lomba Neto,MID,0.9238571428571428,1,20,Yes
Saša Lukić,MID,0.9238214285714287,1,20,Yes
Tomáš Souček,MID,0.9232142857142855,1,20,Yes
Phil Foden,MID,0.9227619047619047,1,20,Yes
Jacob Murphy,MID,0.9226666666666666,1,20,Yes
Cole Palmer,MID,0.9224047619047621,1,20,Yes
Sandro Tonali,MID,0.9216666666666665,1,20,Yes
Harry Wilson,MID,0.9201190476190476,1,20,Yes
Alexis Mac Allister,MID,0.9200000000000002,1,20,Yes
Carlos Baleba,MID,0.9170714285714286,1,20,Yes
Brennan Johnson,MID,0.917,1,20,Yes
Gonçalo Manuel Ganchinho Guedes,MID,0.9154761904761903,1,20,Yes
Sávio 'Savinho' Moreira de Oliveira,MID,0.9122380952380952,1,20,Yes
Anthony Gordon,MID,0.9109285714285715,1,20,Yes
Christian Nørgaard,MID,0.9105595238095239,1,20,Yes
Eberechi Eze,MID,0.9102619047619046,1,20,Yes
Keane Lewis-Potter,MID,0.9098030303030302,1,20,Yes
Callum Hudson-Odoi,MID,0.9094444444444443,1,20,Yes
Kevin De Bruyne,MID,0.9077619047619047,1,20,Yes
Archie Gray,MID,0.9047619047619048,1,20,Yes
Rodrigo Martins Gomes,MID,0.9022579365079365,1,20,Yes
Tyler Dibling,MID,0.8998492063492063,1,20,Yes
Pape Matar Sarr,MID,0.8956666666666666,1,20,Yes
Mikel Merino,MID,0.894705128205128,1,20,Yes
Justin Kluivert,MID,0.8923253968253967,1,20,Yes
Abdoulaye Doucouré,MID,0.8920833333333335,1,20,Yes
Crysencio Summerville,MID,0.8851666666666667,1,20,Yes
Alex Iwobi,MID,0.8841904761904763,1,20,Yes
Joe Aribo,MID,0.8838095238095238,1,20,Yes
Leon Bailey,MID,0.8814880952380952,1,20,Yes
Stephy Mavididi,MID,0.8764603174603177,1,20,Yes
John McGinn,MID,0.8761666666666664,1,20,Yes
Declan Rice,MID,0.8740714285714287,1,20,Yes
Vitaly Janelt,MID,0.8718174603174603,1,20,Yes
Jefferson Lerma Solís,MID,0.8696904761904761,1,20,Yes
Hwang Hee-chan,MID,0.8657499999999999,1,20,Yes
Alejandro Garnacho,MID,0.862,1,20,Yes
Anthony Elanga,MID,0.862,1,20,Yes
Bryan Mbeumo,MID,0.861,1,20,Yes
Morgan Gibbs-White,MID,0.8589999999999999,1,20,Yes
Enzo Fernández,MID,0.8584404761904761,1,20,Yes
Kevin Schade,MID,0.8561666666666667,1,20,Yes
Adama Traoré,MID,0.8554166666666667,1,20,Yes
Son Heung-min,MID,0.8547499999999999,1,20,Yes
Dango Ouattara,MID,0.85375,1,20,Yes
Leandro Trossard,MID,0.8535000000000003,1,20,Yes
Sam Szmodics,MID,0.852404761904762,1,20,Yes
Yasin Ayari,MID,0.8495714285714285,1,20,Yes
Amad Diallo,MID,0.8480833333333334,1,20,Yes
Nathan Broadhead,MID,0.847,1,20,Yes
Harry Winks,MID,0.8448333333333332,1,20,Yes
Manuel Ugarte,MID,0.8431666666666665,1,20,Yes
Kobbie Mainoo,MID,0.8414285714285712,1,20,Yes
Idrissa Gueye,MID,0.8400952380952381,1,20,Yes
Jacob Ramsey,MID,0.8383333333333333,1,20,Yes
Elliot Anderson,MID,0.8356111111111112,1,20,Yes
Mohamed Salah,MID,0.8343253968253969,1,20,Yes
Harvey Barnes,MID,0.8277142857142857,1,20,Yes
Jordan Ayew,MID,0.8260598290598291,1,20,Yes
Bruno Borges Fernandes,MID,0.8213571428571429,1,20,Yes
Joelinton Cássio Apolinário de Lira,MID,0.8191706349206349,1,20,Yes
Georginio Rutter,MID,0.8182619047619047,1,20,Yes
Emile Smith Rowe,MID,0.8174166666666666,1,20,Yes
Lesley Ugochukwu,MID,0.8111785714285715,1,20,Yes
Simon Adingra,MID,0.8105,1,20,Yes
Wes Burns,MID,0.8059166666666668,1,20,Yes
David Brooks,MID,0.8046190476190476,1,20,Yes
Mateo Kovačić,MID,0.8043463203463204,1,20,Yes
Facundo Buonanotte,MID,0.8034285714285714,1,20,Yes
Ryan Yates,MID,0.8033333333333335,1,20,Yes
Mitoma Kaoru,MID,0.8032142857142857,1,20,Yes
Joe Willock,MID,0.8010833333333331,1,20,Yes
Ross Barkley,MID,0.7980000000000002,1,20,Yes
Curtis Jones,MID,0.7978333333333333,1,20,Yes
Ethan Nwaneri,MID,0.7938333333333333,1,20,Yes
Yves Bissouma,MID,0.7935000000000001,1,20,Yes
Noni Madueke,MID,0.7930000000000001,1,20,Yes
Tyler Adams,MID,0.7876666666666666,1,20,Yes
Boubakary Soumaré,MID,0.7836825396825396,1,20,Yes
James Maddison,MID,0.7784206349206348,1,20,Yes
Nicolás Domínguez,MID,0.7783809523809524,1,20,Yes
Martin Ødegaard,MID,0.7763333333333332,1,20,Yes
Mario Lemina,MID,0.7752694805194806,1,20,Yes
Matt O'Riley,MID,0.7751666666666668,1,20,Yes
Cheick Doucouré,MID,0.7732619047619046,1,20,Yes
Ilkay Gündogan,MID,0.7717857142857143,1,20,Yes
Tom Cairney,MID,0.7714047619047619,1,20,Yes
Yehor Yarmoliuk,MID,0.766861111111111,1,20,Yes
João Pedro Ferreira Silva,MID,0.7635,1,20,Yes
Brajan Gruda,MID,0.7632380952380953,1,20,Yes
Sam Morsy,MID,0.7587142857142858,1,20,Yes
Gabriel Martinelli Silva,MID,0.7581547619047617,1,20,Yes
Andreas Hoelgebaum Pereira,MID,0.7519523809523808,1,20,Yes
Jesper Lindstrøm,MID,0.7490714285714287,1,20,Yes
Harvey Elliott,MID,0.7438412698412697,1,20,Yes
Luis Díaz,MID,0.7372857142857143,1,20,Yes
Diogo Teixeira da Silva,MID,0.7348214285714286,1,20,Yes
Mathias Jensen,MID,0.7246904761904761,1,20,Yes
Timo Werner,MID,0.7216785714285716,1,20,Yes
Jean-Ricner Bellegarde,MID,0.7153333333333335,1,20,Yes
Sean Longstaff,MID,0.7091666666666667,1,20,Yes
Daichi Kamada,MID,0.7024177489177488,1,20,Yes
Tommy Doyle,MID,0.6998896103896104,1,20,Yes
Jack Taylor,MID,0.6929388379204893,1,20,Yes
Orel Mangala,MID,0.6928492063492064,1,20,Yes
Jorge Luiz Frello Filho,MID,0.6858095238095239,1,20,Yes
James Ward-Prowse,MID,0.6856111111111111,1,20,Yes
Yankuba Minteh,MID,0.684879120879121,1,20,Yes
Philip Billing,MID,0.6847142857142857,1,20,Yes
Jack Clarke,MID,0.6752118437118436,1,20,Yes
Jack Grealish,MID,0.6706071428571428,1,20,Yes
Paris Maghoma,MID,0.6578222222222223,1,20,Yes
Kamaldeen Sulemana,MID,0.6560833333333334,1,20,Yes
Lucas Bergvall,MID,0.6547976190476191,1,20,Yes
Luis Guilherme Lira dos Santos,MID,0.6544653679653679,1,20,Yes
Kalvin Phillips,MID,0.6441130952380953,1,20,Yes
Omari Giraud-Hutchinson,MID,0.6430000000000001,1,20,Yes
James McAtee,MID,0.6374166666666666,1,20,Yes
Carlos Roberto Forbs Borges,MID,0.607111111111111,1,20,Yes
André Trindade da Costa Neto,MID,0.5796547619047618,1,20,Yes
Carlos Soler,MID,0.5763549783549782,1,20,Yes
Carlos Henrique Casimiro,MID,0.5693650793650794,1,20,Yes
Emiliano Buendía Stati,MID,0.5643214285714284,1,20,Yes
Harrison Armstrong,MID,0.560725935828877,1,20,Yes
Mateus Gonçalo Espanha Fernandes,MID,0.5565714285714286,1,20,Yes
Adam Lallana,MID,0.5251309523809524,1,20,Yes
Will Hughes,MID,0.5231071428571429,1,20,Yes
Bobby De Cordova-Reid,MID,0.5108809523809525,1,20,Yes
Jérémy Doku,MID,0.4963730158730159,0,20,Yes
Christopher Nkunku,MID,0.4952142857142858,0,20,Yes
Rodrigo Bentancur,MID,0.49041666666666656,0,20,Yes
Christian Eriksen,MID,0.4885,0,20,Yes
Pablo Sarabia,MID,0.47134523809523826,0,20,Yes
Morgan Rogers,MID,0.44111904761904763,0,20,Yes
Amadou Onana,MID,0.43976785714285715,0,20,Yes
Hamza Choudhury,MID,0.4221904761904762,0,20,Yes
Ramón Sosa,MID,0.41830952380952374,0,20,Yes
Bukayo Saka,MID,0.41571825396825396,0,20,Yes
Jakub Moder,MID,0.3982774725274726,0,20,Yes
Julio Enciso,MID,0.39054761904761903,0,20,Yes
Myles Lewis-Skelly,MID,0.3872539682539682,0,20,Yes
Dominik Szoboszlai,MID,0.3855833333333332,0,20,Yes
Jaden Philogene,MID,0.3807999776649998,0,20,Yes
Jack Harrison,MID,0.3776693121693122,0,20,Yes
Andy Irving,MID,0.3521169099218634,0,20,Yes
Antony Matheus dos Santos,MID,0.3509285714285714,0,20,Yes
Miguel Almirón Rejala,MID,0.34705233602875113,0,20,Yes
João Félix Sequeira,MID,0.3416260683760683,0,20,Yes
Marcus Tavernier,MID,0.32235145351673006,0,20,Yes
Roméo Lavia,MID,0.32157839173405206,0,20,Yes
Conor Chaplin,MID,0.31502380952380954,0,20,Yes
Justin Devenny,MID,0.31473809523809526,0,20,Yes
Josh King,MID,0.3128946886446886,0,20,Yes
Flynn Downes,MID,0.3095714285714285,0,20,Yes
Dwight McNeil,MID,0.30735714285714283,0,20,Yes
Oliver Skipp,MID,0.303047619047619,0,20,Yes
Jarrod Bowen,MID,0.3026428571428572,0,20,Yes
Mats Wieffer,MID,0.30137896825396826,0,20,Yes
Fábio Freitas Gouveia Carvalho,MID,0.29840638528138524,0,20,Yes
Endo Wataru,MID,0.2927875457875458,0,20,Yes
Guido Rodríguez,MID,0.28281162464986,0,20,Yes
Abdul Fatawu,MID,0.2806944444444444,0,20,Yes
Sander Berge,MID,0.2660476190476191,0,20,Yes
Wilfred Ndidi,MID,0.25271153846153843,0,20,Yes
Lewis Miley,MID,0.2514720544976871,0,20,Yes
Ben Brereton Díaz,MID,0.23693623043623047,0,20,Yes
Jeffrey Schlupp,MID,0.23245634920634925,0,20,Yes
Yunus Emre Konak,MID,0.22858218214377074,0,20,Yes
Solly March,MID,0.22276623376623372,0,20,Yes
Ibrahim Sangaré,MID,0.22106566854058424,0,20,Yes
Marcus Rashford,MID,0.21749801587301587,0,20,Yes
Kasey McAteer,MID,0.21525135044280616,0,20,Yes
Renato Palma Veiga,MID,0.1973272283272283,0,20,Yes
Mason Mount,MID,0.1940222222222222,0,20,Yes
Martial Godo,MID,0.1804002461053565,0,20,Yes
Federico Chiesa,MID,0.17872976403840832,0,20,Yes
Matheus Luiz Nunes,MID,0.1727197802197802,0,20,Yes
Eric da Silva Moreira,MID,0.1578511454156259,0,20,Yes
Reiss Nelson,MID,0.1542659026297086,0,20,Yes
Chiedozie Ogbene,MID,0.15180762466052783,0,20,Yes
Samuel Amo-Ameyaw,MID,0.1441190476190476,0,20,Yes
Raheem Sterling,MID,0.1341298076923077,0,20,Yes
Maxwel Cornet,MID,0.12935363686131812,0,20,Yes
Ryan Fraser,MID,0.12890304856433887,0,20,Yes
Ben Winterburn,MID,0.11928955768353858,0,20,Yes
Mykhailo Mudryk,MID,0.11919041375291375,0,20,Yes
Asher Agbinone,MID,0.11906249855400254,0,20,Yes
Will Alves,MID,0.11692543778076066,0,20,Yes
Ryan Trevitt,MID,0.11367155866463166,0,20,Yes
Ethan Brierley,MID,0.10615251472291837,0,20,Yes
Tom Edozie,MID,0.08938842904277769,0,20,Yes
Massimo Luongo,MID,0.08463454536222624,0,20,Yes
Rodrigo 'Rodri' Hernandez,MID,0.08168734937624532,0,20,Yes
Nico O'Reilly,MID,0.07786760355131861,0,20,Yes
Garang Kuol,MID,0.07743451734071292,0,20,Yes
James Garner,MID,0.07658174086331448,0,20,Yes
Enso González,MID,0.07560795115749745,0,20,Yes
Wilson Odobert,MID,0.07341890166028096,0,20,Yes
Tony Yogane,MID,0.07308650330657764,0,20,Yes
Mikey Moore,MID,0.07297043044534621,0,20,Yes
James Milner,MID,0.06945060509677474,0,20,Yes
Will Smallbone,MID,0.06944562551349642,0,20,Yes
Jack Hinshelwood,MID,0.06721828358208955,0,20,Yes
Cameron Peupion,MID,0.0669941691581233,0,20,Yes
Carney Chukwuemeka,MID,0.06683666904252922,0,20,Yes
Luis Sinisterra,MID,0.06213064189594641,0,20,Yes
Kadan Young,MID,0.06147311449320795,0,20,Yes
Joseph O'Brien-Whitmarsh,MID,0.060723908796900004,0,20,Yes
Kiernan Dewsbury-Hall,MID,0.06003623188405797,0,20,Yes
Oscar Bobb,MID,0.05936774214782385,0,20,Yes
James McConnell,MID,0.056886599541753506,0,20,Yes
Tim Iroegbunam,MID,0.053515619069852825,0,20,Yes
Danilo dos Santos de Oliveira,MID,0.05148681047731689,0,20,Yes
Callum Bates,MID,0.05058391271093403,0,20,Yes
Isaac Hayden,MID,0.049598039353291545,0,20,Yes
Billy Gilmour,MID,0.039553959627329195,0,20,Yes
Ben Broggio,MID,0.03788325043495567,0,20,Yes
Harrison Reed,MID,0.03757060099794198,0,20,Yes
Ismeal Kabia,MID,0.034388667713282,0,20,Yes
Samuel Rak-Sakyi,MID,0.03346059623746412,0,20,Yes
Frank Onyeka,MID,0.03310700664252991,0,20,Yes
Jacob Wright,MID,0.03232318931878183,0,20,Yes
Alex Scott,MID,0.032305169611090666,0,20,Yes
Treymaurice Nyoni,MID,0.03195482823599982,0,20,Yes
Bryan Gil Salvatierra,MID,0.03186683557669207,0,20,Yes
Lewis Orford,MID,0.031683319980969675,0,20,Yes
Scott McTominay,MID,0.03165021403064133,0,20,Yes
Adam Wharton,MID,0.029926563553723723,0,20,Yes
Luke Cundle,MID,0.028929513230433346,0,20,Yes
Boubacar Traoré,MID,0.027552383359011397,0,20,Yes
Lewis O'Brien,MID,0.02741057932512918,0,20,Yes
Salah-Eddine Oulad M'hand,MID,0.02647847025321374,0,20,Yes
Daniel Castelo Podence,MID,0.026367532011367628,0,20,Yes
Marcus Myers-Harness,MID,0.025972946497379124,0,20,Yes
Franco Umeh-Chibueze,MID,0.024116918368823417,0,20,Yes
Cesare Casadei,MID,0.023354622018394805,0,20,Yes
Jack Fletcher,MID,0.02276306317790726,0,20,Yes
Omari Kellyman,MID,0.022694661154395578,0,20,Yes
Jamaldeen Jimoh,MID,0.022234435719428756,0,20,Yes
Michael Golding,MID,0.021691976071610414,0,20,Yes
Tyrique George,MID,0.020654661809691256,0,20,Yes
Shea Charles,MID,0.02003035568081679,0,20,Yes
Callum Olusesi,MID,0.019684463662655003,0,20,Yes
Conor Gallagher,MID,0.019574688395919044,0,20,Yes
Kaden Rodney,MID,0.019458695596633168,0,20,Yes
Tyler Morton,MID,0.019332763257463498,0,20,Yes
Hamed Traorè,MID,0.019328182186881284,0,20,Yes
Gustavo Nunes Fernandes Gomes,MID,0.018295878496634558,0,20,Yes
Luca Williams-Barnett,MID,0.018017796995988336,0,20,Yes
Carlos Alcaraz Durán,MID,0.016369785417975652,0,20,Yes
Josh Dasilva,MID,0.01515576855337293,0,20,Yes
Alfie Devine,MID,0.014788638740899768,0,20,Yes
Henry Cartwright,MID,0.014605811563502246,0,20,Yes
Toby Collyer,MID,0.013710842951578152,0,20,Yes
Matheus França de Oliveira,MID,0.012791115442965663,0,20,Yes
Ângelo Gabriel Borges Damaceno,MID,0.012507566737909879,0,20,Yes
Jayce Fitzgerald,MID,0.010474944651750457,0,20,Yes
Francisco Jorge Tomás Oliveira,MID,0.00994125529124544,0,20,Yes
George Earthy,MID,0.008885245666049878,0,20,Yes
Jaidon Anthony,MID,0.008739450795880893,0,20,Yes
Ben Doak,MID,0.007729021470686621,0,20,Yes
Bobby Clark,MID,0.007639655965771518,0,20,Yes
Mahmoud Dahoud,MID,0.0075669680838516785,0,20,Yes
Alex Mighten,MID,0.007525544467513678,0,20,Yes
Kacper Kozłowski,MID,0.007033100428602445,0,20,Yes
Naouirou Ahamada,MID,0.006917126892599981,0,20,Yes
Joe White,MID,0.006911358551200797,0,20,Yes
Pierre-Emile Højbjerg,MID,0.0068990936412082005,0,20,Yes
Fábio Ferreira Vieira,MID,0.006858489570495118,0,20,Yes
Romain Faivre,MID,0.006594753306758854,0,20,Yes
Josh Bowler,MID,0.006262856057152787,0,20,Yes
Tawanda Chirewa,MID,0.006173490552237684,0,20,Yes
Andrey Nascimento dos Santos,MID,0.0060733120688140855,0,20,Yes
Samuel Edozie,MID,0.005,0,20,Yes
Moussa Diaby,MID,0.004519183290574051,0,20,Yes
Joe Hodge,MID,0.004516789249891847,0,20,Yes
Andrew Moran,MID,0.004233634750518345,0,20,Yes
Jenson Metcalfe,MID,0.004210679021320575,0,20,Yes
Myles Peart-Harris,MID,0.003788044974029362,0,20,Yes
Amario Cozier-Duberry,MID,0.0030595978300616356,0,20,Yes
Hannibal Mejbri,MID,0.002475856660209745,0,20,Yes
Jesurun Rak-Sakyi,MID,0.002452771463113721,0,20,Yes
Stefan Bajčetić Maquieira,MID,0.0015446709124815365,0,20,Yes
Samuel Iling-Junior,MID,0.0014183362209769818,0,20,Yes
Lewis Dobbin,MID,0.001360220716061879,0,20,Yes
Leander Dendoncker,MID,0.0013584984149285129,0,20,Yes
Enzo Barrenechea,MID,0.0012170777051935297,0,20,Yes
Facundo Pellistri Rebollo,MID,0.0011163182770374887,0,20,Yes
Cameron Humphreys,MID,0.0010156332223457904,0,20,Yes
Ibrahim Osman,MID,0.0009003014171850124,0,20,Yes
Giovani Lo Celso,MID,0.0008213320133012251,0,20,Yes
Manor Solomon,MID,0.0008213320133012251,0,20,Yes
Pascal Groß,MID,0.0006946806583638515,0,20,Yes
Wanya Marçal-Madivádua,MID,0.0006692288061974027,0,20,Yes
Luke Harris,MID,0.0005750432143808472,0,20,Yes
Jeremy Sarmiento Morante,MID,0.0005661341987748364,0,20,Yes
Benicio Baker-Boaitey,MID,0.0003590263545283709,0,20,Yes
Adrian Mazilu,MID,0.0003590263545283709,0,20,Yes
Malcolm Ebiowei,MID,0.0003590263545283709,0,20,Yes
David Ozoh,MID,0.0003590263545283709,0,20,Yes
Milos Kerkez,DEF,0.9581593585240273,1,20,Yes
Nathan Collins,DEF,0.9471976310031149,1,20,Yes
Illia Zabarnyi,DEF,0.9448102763927742,1,20,Yes
Tyrick Mitchell,DEF,0.943419467767638,1,20,Yes
William Saliba,DEF,0.9406059528859673,1,20,Yes
Virgil van Dijk,DEF,0.9399733964855027,1,20,Yes
Ola Aina,DEF,0.938822360320404,1,20,Yes
Maxence Lacroix,DEF,0.9369336734696841,1,20,Yes
Nikola Milenković,DEF,0.9366581781705378,1,20,Yes
James Tarkowski,DEF,0.9357681162553733,1,20,Yes
Lewis Hall,DEF,0.9356966638384779,1,20,Yes
Levi Colwill,DEF,0.9349473530514284,1,20,Yes
Dean Huijsen,DEF,0.934700482028366,1,20,Yes
Calvin Bassey,DEF,0.9336382064056019,1,20,Yes
Daniel Muñoz,DEF,0.9332429481822913,1,20,Yes
Vitalii Mykolenko,DEF,0.9295141537416975,1,20,Yes
Jan Paul van Hecke,DEF,0.9269586634450513,1,20,Yes
Marc Cucurella Saseta,DEF,0.9226770584805698,1,20,Yes
Rico Lewis,DEF,0.9204901543462182,1,20,Yes
Santiago Bueno,DEF,0.9202536440046392,1,20,Yes
Neco Williams,DEF,0.9172982011055828,1,20,Yes
Mads Roerslev Rasmussen,DEF,0.9160436933435274,1,20,Yes
Gabriel dos Santos Magalhães,DEF,0.9148872423533286,1,20,Yes
Andrew Robertson,DEF,0.9142525324907522,1,20,Yes
Antonee Robinson,DEF,0.9089993077069987,1,20,Yes
Malo Gusto,DEF,0.9086977194014086,1,20,Yes
Pervis Estupiñán,DEF,0.9063019767311108,1,20,Yes
Tino Livramento,DEF,0.9039218899046706,1,20,Yes
Ezri Konsa Ngoyo,DEF,0.9031767462984638,1,20,Yes
Jarrad Branthwaite,DEF,0.903149037591224,1,20,Yes
Timothy Castagne,DEF,0.901283931303393,1,20,Yes
Joško Gvardiol,DEF,0.9010592554654108,1,20,Yes
Lisandro Martínez,DEF,0.8997442786989168,1,20,Yes
Joachim Andersen,DEF,0.8994313268719057,1,20,Yes
Matt Doherty,DEF,0.8925006976136265,1,20,Yes
Rayan Aït-Nouri,DEF,0.889556097793168,1,20,Yes
Manuel Akanji,DEF,0.88706771741775,1,20,Yes
Pedro Porro,DEF,0.8852205438502869,1,20,Yes
Murillo Santiago Costa dos Santos,DEF,0.8831793937623733,1,20,Yes
Jacob Greaves,DEF,0.8829815851739563,1,20,Yes
Noussair Mazraoui,DEF,0.8735319103418948,1,20,Yes
Lucas Digne,DEF,0.8656576371848732,1,20,Yes
Tyrone Mings,DEF,0.8611756536779103,1,20,Yes
Marc Guéhi,DEF,0.8507539436080763,1,20,Yes
Chris Richards,DEF,0.8466658202764922,1,20,Yes
Diogo Dalot Teixeira,DEF,0.8462951919864627,1,20,Yes
Joël Veltman,DEF,0.8435492896879633,1,20,Yes
Ashley Young,DEF,0.8380311673803428,1,20,Yes
Luke Woolfenden,DEF,0.8379967267729281,1,20,Yes
Sepp van den Berg,DEF,0.836593547547223,1,20,Yes
Riccardo Calafiori,DEF,0.831651354062439,1,20,Yes
Conor Coady,DEF,0.8311439254973966,1,20,Yes
Dara O'Shea,DEF,0.8222243560975574,1,20,Yes
James Bree,DEF,0.8101407250562391,1,20,Yes
Ibrahima Konaté,DEF,0.805379071984078,1,20,Yes
Ian Maatsen,DEF,0.804190783155999,1,20,Yes
Jannik Vestergaard,DEF,0.8033302561434291,1,20,Yes
Nathan Aké,DEF,0.80287152106361,1,20,Yes
Dan Burn,DEF,0.8025271353127686,1,20,Yes
Matty Cash,DEF,0.7914066047997883,1,20,Yes
Felipe Rodrigues da Silva,DEF,0.7896488725694732,1,20,Yes
Jan Bednarek,DEF,0.787712326879608,1,20,Yes
Igor Julio dos Santos de Paulo,DEF,0.7843699282113695,1,20,Yes
Issa Diop,DEF,0.780413478428666,1,20,Yes
James Hill,DEF,0.7801806312334071,1,20,Yes
James Justin,DEF,0.7773268577783712,1,20,Yes
Harry Maguire,DEF,0.7711036874660079,1,20,Yes
Aaron Wan-Bissaka,DEF,0.7617913154578154,1,20,Yes
Trent Alexander-Arnold,DEF,0.760730434861754,1,20,Yes
Djed Spence,DEF,0.7596272758927127,1,20,Yes
Leif Davis,DEF,0.756256861008583,1,20,Yes
Ben Johnson,DEF,0.7554982171832246,1,20,Yes
Max Kilman,DEF,0.7437650925783069,1,20,Yes
Matthijs de Ligt,DEF,0.743399272273622,1,20,Yes
Jean-Clair Todibo,DEF,0.7433747809353854,1,20,Yes
Sven Botman,DEF,0.736102616452157,1,20,Yes
Kyle Walker-Peters,DEF,0.7340100264251369,1,20,Yes
Nathan Wood-Gordon,DEF,0.7328646948752119,1,20,Yes
Taylor Harwood-Bellis,DEF,0.7232002767164399,1,20,Yes
Luke Thomas,DEF,0.7067861658378605,1,20,Yes
Wout Faes,DEF,0.7006124236661131,1,20,Yes
Sergio Reguilón,DEF,0.6988403559480961,1,20,Yes
Adam Webster,DEF,0.6988057067842659,1,20,Yes
Pedro Cardoso de Lima,DEF,0.6874413044816515,1,20,Yes
Vladimír Coufal,DEF,0.681440959060806,1,20,Yes
Konstantinos Mavropanos,DEF,0.6675942910476684,1,20,Yes
Josh Acheampong,DEF,0.6611230921387065,1,20,Yes
Kyle Walker,DEF,0.6374194387260266,1,20,Yes
Caleb Okoli,DEF,0.6288744523618643,1,20,Yes
Radu Drăgușin,DEF,0.6238742274138507,1,20,Yes
Trevoh Chalobah,DEF,0.6215679839245157,1,20,Yes
Nathan Patterson,DEF,0.6214233968378553,1,20,Yes
Conor Bradley,DEF,0.6168218671527593,1,20,Yes
Fabian Schär,DEF,0.6056416216327953,1,20,Yes
Tosin Adarabioyo,DEF,0.5866495362666775,1,20,Yes
Nélson Cabral Semedo,DEF,0.5729952437808521,1,20,Yes
Jurriën Timber,DEF,0.5703788155654813,1,20,Yes
Lewis Dunk,DEF,0.5701957024997845,1,20,Yes
Charlie Taylor,DEF,0.5634693249530509,1,20,Yes
Sugawara Yukinari,DEF,0.5559700366436006,1,20,Yes
Tariq Lamptey,DEF,0.5393119846144641,1,20,Yes
Leny Yoro,DEF,0.5365639898321066,1,20,Yes
Kieran Trippier,DEF,0.5360241408349679,1,20,Yes
Diego Carlos Santos Silva,DEF,0.5071788761960856,1,20,Yes
Axel Disasi,DEF,0.48227161493968695,0,20,Yes
Emerson Palmieri dos Santos,DEF,0.4739074433293912,0,20,Yes
Destiny Udogie,DEF,0.46301548601466236,0,20,Yes
Craig Dawson,DEF,0.44530344658599463,0,20,Yes
Konstantinos Tsimikas,DEF,0.4441534202569632,0,20,Yes
Victor Kristiansen,DEF,0.43564738268432956,0,20,Yes
Pau Torres,DEF,0.42501997678770737,0,20,Yes
Ryan Manning,DEF,0.4229717261085289,0,20,Yes
Max Aarons,DEF,0.39744446978737424,0,20,Yes
Oleksandr Zinchenko,DEF,0.3816436639758241,0,20,Yes
Joe Gomez,DEF,0.37535433797726037,0,20,Yes
Cameron Burgess,DEF,0.3524599583113258,0,20,Yes
Jarell Quansah,DEF,0.3480453044291385,0,20,Yes
Lloyd Kelly,DEF,0.3455576019954119,0,20,Yes
Willy Boly,DEF,0.3175039412453236,0,20,Yes
Harry Toffolo,DEF,0.3141704422268865,0,20,Yes
Toti António Gomes,DEF,0.30941803301477827,0,20,Yes
Álex Moreno Lopera,DEF,0.30303199374758644,0,20,Yes
Jakub Kiwior,DEF,0.2983880877878617,0,20,Yes
Reece James,DEF,0.29749601232231065,0,20,Yes
Ben Mee,DEF,0.29681705668461883,0,20,Yes
Nathaniel Clyne,DEF,0.29625671934889874,0,20,Yes
Harry Clarke,DEF,0.2951683179220351,0,20,Yes
Aaron Cresswell,DEF,0.29448518159623416,0,20,Yes
Adam Smith,DEF,0.28625091976466766,0,20,Yes
Kim Ji-soo,DEF,0.2799993015637404,0,20,Yes
Tyrell Malacia,DEF,0.2699423821578618,0,20,Yes
Ollie Scarles,DEF,0.26469576698848113,0,20,Yes
Jahmai Simpson-Pusey,DEF,0.2614997525032207,0,20,Yes
Séamus Coleman,DEF,0.25738079431652605,0,20,Yes
Rúben Gato Alves Dias,DEF,0.2561403317633535,0,20,Yes
Michael Keane,DEF,0.25598289014304176,0,20,Yes
John Stones,DEF,0.2522752980084595,0,20,Yes
Kosta Nedeljković,DEF,0.2513934260210874,0,20,Yes
Kristoffer Ajer,DEF,0.25046702955113015,0,20,Yes
Ethan Pinnock,DEF,0.24855753717226142,0,20,Yes
Kenny Tete,DEF,0.24283673221472943,0,20,Yes
Micky van de Ven,DEF,0.23923170195340837,0,20,Yes
Cristian Romero,DEF,0.232965580327262,0,20,Yes
Jorge Cuenca Barreno,DEF,0.23199470335088393,0,20,Yes
Caleb Kporha,DEF,0.22623774161740168,0,20,Yes
Matt Targett,DEF,0.22511356256651108,0,20,Yes
Ryan Sessegnon,DEF,0.22290914986903693,0,20,Yes
Axel Tuanzebe,DEF,0.22256921868546112,0,20,Yes
Jack Stephens,DEF,0.21121816570114493,0,20,Yes
Wesley Fofana,DEF,0.20787299134919507,0,20,Yes
Benjamin White,DEF,0.2059794681463442,0,20,Yes
Benoît Badiashile,DEF,0.19846689030423506,0,20,Yes
Ricardo Barbosa Pereira,DEF,0.1984293003048311,0,20,Yes
Jonny Evans,DEF,0.19696421467709854,0,20,Yes
Marcos Senesi,DEF,0.19276637972289998,0,20,Yes
Ben Davies,DEF,0.18335935772027998,0,20,Yes
Jayden Meghoma,DEF,0.17032323912074265,0,20,Yes
Lamare Bogarde,DEF,0.16836749996546707,0,20,Yes
Jake O'Brien,DEF,0.16724496357372587,0,20,Yes
Alfie Dorrington,DEF,0.16561844054002756,0,20,Yes
Victor Lindelöf,DEF,0.1590373343372537,0,20,Yes
Ronnie Edwards,DEF,0.15764373340606488,0,20,Yes
Ferdi Kadioglu,DEF,0.15366047136991973,0,20,Yes
Luke Shaw,DEF,0.15086418865171816,0,20,Yes
Kaelan Casey,DEF,0.1478092931958432,0,20,Yes
Alfie Pond,DEF,0.1426814000448793,0,20,Yes
Ben Chilwell,DEF,0.10879046444812891,0,20,Yes
Julián Araujo Zúñiga,DEF,0.09966039403395556,0,20,Yes
Conor Townsend,DEF,0.08545899415206454,0,20,Yes
Mason Holgate,DEF,0.0807241495799825,0,20,Yes
Yerson Mosquera,DEF,0.07925903204765385,0,20,Yes
Chadi Riad Dnanou,DEF,0.07486562991148812,0,20,Yes
Joel Ward,DEF,0.06705785784170443,0,20,Yes
Rob Holding,DEF,0.0647775719906183,0,20,Yes
Kieran Tierney,DEF,0.06459844476742459,0,20,Yes
Andrew Omobamidele,DEF,0.05926884978993228,0,20,Yes
Roman Dixon,DEF,0.058819071326668936,0,20,Yes
Emil Krafth,DEF,0.05547022837230177,0,20,Yes
Tomiyasu Takehiro,DEF,0.05269903455513382,0,20,Yes
Alex Murphy,DEF,0.046278306226012464,0,20,Yes
Kortney Hause,DEF,0.04604662052399613,0,20,Yes
Zach Abbott,DEF,0.04316295509215385,0,20,Yes
Armel Bella-Kotchap,DEF,0.042292887655561724,0,20,Yes
George Edmundson,DEF,0.042200358116196456,0,20,Yes
Valentín Barco,DEF,0.04212818579297381,0,20,Yes
Juan Larios López,DEF,0.037889194555237794,0,20,Yes
Bastien Meupiyou,DEF,0.03682663021527955,0,20,Yes
Maldini Kacurri,DEF,0.03645718916689352,0,20,Yes
Imari Samuels,DEF,0.03565627779252087,0,20,Yes
Kurt Zouma,DEF,0.034349411453181024,0,20,Yes
Ayden Heaven,DEF,0.034236217642019603,0,20,Yes
Rico Henry,DEF,0.03389902009461383,0,20,Yes
Sil Swinkels,DEF,0.03386507656309091,0,20,Yes
João Cavaco Cancelo,DEF,0.033589027057227966,0,20,Yes
Max Kinsey,DEF,0.03344913727644578,0,20,Yes
Josh Nichols,DEF,0.032657642322182476,0,20,Yes
Amara Nallo,DEF,0.03261677603220231,0,20,Yes
Samuel Amissah,DEF,0.032245560647564224,0,20,Yes
Ezra Mayers,DEF,0.03222036691781006,0,20,Yes
Thomas Wilson-Brown,DEF,0.03214076864346459,0,20,Yes
Benjamin Arthur,DEF,0.031986899969679114,0,20,Yes
Jamaal Lascelles,DEF,0.031882346319971465,0,20,Yes
Josh Wilson-Esbrand,DEF,0.03165172594763696,0,20,Yes
Harry Amass,DEF,0.0316232508427604,0,20,Yes
Aaron Hickey,DEF,0.030665387604029613,0,20,Yes
Malachi Hardy,DEF,0.03040343605836033,0,20,Yes
Maeson King,DEF,0.029677872723014635,0,20,Yes
Godwill Kukonki,DEF,0.029547724961488397,0,20,Yes
Archie Harris,DEF,0.029490153811833772,0,20,Yes
Jacob Slater,DEF,0.029461982899569625,0,20,Yes
Max Alleyne,DEF,0.029129928118744822,0,20,Yes
Ruairi McConville,DEF,0.029070348106044152,0,20,Yes
Nayef Aguerd,DEF,0.025548718692203272,0,20,Yes
Issa Kaboré,DEF,0.02523325532419661,0,20,Yes
Wes Okoduwa,DEF,0.024639957525315382,0,20,Yes
Omar Richards,DEF,0.022870012785545204,0,20,Yes
Joe Worrall,DEF,0.02284868918151377,0,20,Yes
Kevin Mbabu,DEF,0.022670202880859094,0,20,Yes
Jamal Lewis,DEF,0.022486197146163952,0,20,Yes
Mathias Jorgensen,DEF,0.022447102479830415,0,20,Yes
Emerson Leite de Souza Junior,DEF,0.022234469646537892,0,20,Yes
Hugo Bueno López,DEF,0.02222260406207084,0,20,Yes
Chris Mepham,DEF,0.02193319257043504,0,20,Yes
Malang Sarr,DEF,0.021927562027614127,0,20,Yes
Tim Ream,DEF,0.021763165914326234,0,20,Yes
Ashley Phillips,DEF,0.021302320790205952,0,20,Yes
Ki-Jana Hoever,DEF,0.02093998419667832,0,20,Yes
Lino da Cruz Sousa,DEF,0.019288515456997325,0,20,Yes
Miodrag Pivaš,DEF,0.019273079669927126,0,20,Yes
Nathaniel Phillips,DEF,0.01913792529746295,0,20,Yes
Rhys Williams,DEF,0.019104913938395855,0,20,Yes
Odeluga Offiah,DEF,0.018552878215679535,0,20,Yes
Ben Nelson,DEF,0.01780716048073323,0,20,Yes
Alfie Gilchrist,DEF,0.017714140100290276,0,20,Yes
Jonathan Panzo,DEF,0.017543028638229274,0,20,Yes
Harry Souttar,DEF,0.017188603663928836,0,20,Yes
Corrie Ndaba,DEF,0.01710580546751048,0,20,Yes
Elkan Baggott,DEF,0.017084481863479047,0,20,Yes
Caleb Wiley,DEF,0.016972382839987504,0,20,Yes
Kaine Kesler-Hayden,DEF,0.01678080824169637,0,20,Yes
Matz Sels,GK,0.9669894757797062,1,20,Yes
Bart Verbruggen,GK,0.9665332113068955,1,20,Yes
Bernd Leno,GK,0.9659196310898291,1,20,Yes
Jordan Pickford,GK,0.9655359735664415,1,20,Yes
Stefan Ortega Moreno,GK,0.9636125775014933,1,20,Yes
David Raya Martin,GK,0.9542684901474761,1,20,Yes
Martin Dúbravka,GK,0.950876550878826,1,20,Yes
Robert Sánchez,GK,0.9203109480772295,1,20,Yes
Mark Flekken,GK,0.9153214028876434,1,20,Yes
André Onana,GK,0.899148987137331,1,20,Yes
Emiliano Martínez Romero,GK,0.8714753248994122,1,20,Yes
Alisson Ramses Becker,GK,0.8365471521685294,1,20,Yes
Dean Henderson,GK,0.8352502233199872,1,20,Yes
Aaron Ramsdale,GK,0.8215643506839578,1,20,Yes
Christian Walton,GK,0.8199422038628329,1,20,Yes
Jakub Stolarczyk,GK,0.7820188417803549,1,20,Yes
Mark Travers,GK,0.7648576356572253,1,20,Yes
José Malheiro de Sá,GK,0.7531736622966548,1,20,Yes
Brandon Austin,GK,0.7350529145369517,1,20,Yes
Alphonse Areola,GK,0.6983625642701583,1,20,Yes
Kepa Arrizabalaga,GK,0.5956643063681253,1,20,Yes
Łukasz Fabiański,GK,0.2778078986800409,0,20,Yes
Caoimhin Kelleher,GK,0.2535985309432212,0,20,Yes
Hákon Valdimarsson,GK,0.23934194230499226,0,20,Yes
Joe Lumley,GK,0.22247175299651326,0,20,Yes
Fraser Forster,GK,0.19955294371322843,0,20,Yes
Arijanet Muric,GK,0.1802379426494965,0,20,Yes
Danny Ward,GK,0.17605233718611327,0,20,Yes
Alex McCarthy,GK,0.13617929148926902,0,20,Yes
Nick Pope,GK,0.12460666390095863,0,20,Yes
Mads Hermansen,GK,0.1150738538523223,0,20,Yes
Ederson Santana de Moraes,GK,0.10929461392668265,0,20,Yes
Sam Johnstone,GK,0.09434316766335613,0,20,Yes
Filip Jørgensen,GK,0.09080031388933943,0,20,Yes
Matt Turner,GK,0.08567741657968836,0,20,Yes
Guglielmo Vicario,GK,0.08546116682049287,0,20,Yes
Lucas Bergström,GK,0.060879705927148045,0,20,Yes
Daniel Bentley,GK,0.06057373872501911,0,20,Yes
Tom King,GK,0.05738255336479489,0,20,Yes
Gavin Bazunu,GK,0.05559864414874647,0,20,Yes
Carlos Miguel dos Santos Pereira,GK,0.0533863406662953,0,20,Yes
Robin Olsen,GK,0.05223141762890585,0,20,Yes
Vítezslav Jaros,GK,0.048760221118500625,0,20,Yes
Norberto Murara Neto,GK,0.04767836191376347,0,20,Yes
Alfie Whiteman,GK,0.04436684621994776,0,20,Yes
Marcus Bettinelli,GK,0.04421487194563072,0,20,Yes
Killian Cahill,GK,0.03683573770780671,0,20,Yes
Wes Foderingham,GK,0.03618578338390617,0,20,Yes
Joe Gauci,GK,0.031608623740656344,0,20,Yes
Daniel Iversen,GK,0.03145268445236162,0,20,Yes
Đorđe Petrović,GK,0.030440543516212032,0,20,Yes
Will Dennis,GK,0.0302068261139797,0,20,Yes
Steven Benda,GK,0.025611834180890844,0,20,Yes
Remi Matthews,GK,0.023768124296287198,0,20,Yes
Mateusz Lis,GK,0.021697672397308576,0,20,Yes
Tommy Setford,GK,0.01991556992289331,0,20,Yes
Odysseas Vlachodimos,GK,0.017010444872911677,0,20,Yes
Jason Steele,GK,0.016940917021409013,0,20,Yes
Altay Bayindir,GK,0.016285062127716642,0,20,Yes
Spike Brits,GK,0.01510792486589465,0,20,Yes
Cieran Slicker,GK,0.014162977254785752,0,20,Yes
João Neves Virgínia,GK,0.01330333546291046,0,20,Yes
Scott Carson,GK,0.00867820652933295,0,20,Yes
Oliwier Zych,GK,0.008210726959052542,0,20,Yes
Asmir Begovic,GK,0.006554593992709289,0,20,Yes
John Ruddy,GK,0.00601770930601805,0,20,Yes
Tom Heaton,GK,0.004587784780894655,0,20,Yes
Alex Paulsen,GK,0.0034524745711615535,0,20,Yes
Harvey Davies,GK,0.002742625371170212,0,20,Yes
Filip Marschall,GK,0.002044355605204465,0,20,Yes
Viljami Sinisalo,GK,0.002044355605204465,0,20,Yes
Karl Hein,GK,0.0018246946010823234,0,20,Yes
Carl Rushworth,GK,0.0008455269811524354,0,20,Yes
