name,position_label,started_next_prob,started_next_pred,gameweek,has_fixture
Chris Wood,FWD,0.9382608342010976,1,8,Yes
Danny Welbeck,FWD,0.9267085751994538,1,8,Yes
Nicolas Jackson,FWD,0.9262405763108866,1,8,Yes
Kai Havertz,FWD,0.9109648996752945,1,8,Yes
Dominic Calvert-Lewin,FWD,0.9049819376126454,1,8,Yes
Iliman Ndiaye,FWD,0.8981318399893096,1,8,Yes
Ollie Watkins,FWD,0.88961195474849,1,8,Yes
Erling Haaland,FWD,0.8853636309183709,1,8,Yes
Raúl Jiménez,FWD,0.8836397818558985,1,8,Yes
Dominic Solanke-Mitchell,FWD,0.8641727997068506,1,8,Yes
Liam Delap,FWD,0.8621133000167961,1,8,Yes
Jamie Vardy,FWD,0.8595961451120043,1,8,Yes
Jørgen Strand Larsen,FWD,0.8533485855699354,1,8,Yes
Alexander Isak,FWD,0.8175537655042723,1,8,Yes
Francisco Evanilson de Lima Barbosa,FWD,0.8137735353452807,1,8,Yes
Rasmus Højlund,FWD,0.8116092012279391,1,8,Yes
Eddie Nketiah,FWD,0.7997709469553937,1,8,Yes
Matheus Santos Carneiro Da Cunha,FWD,0.7836986149980515,1,8,Yes
Cameron Archer,FWD,0.7586013003196632,1,8,Yes
Jean-Philippe Mateta,FWD,0.585449021700479,1,8,Yes
Michail Antonio,FWD,0.5706252851498762,1,8,Yes
Cody Gakpo,FWD,0.5622877593237314,1,8,Yes
Yoane Wissa,FWD,0.5065424759523269,1,8,Yes
Darwin Núñez Ribeiro,FWD,0.4509161335180514,0,8,Yes
Joshua Zirkzee,FWD,0.4458549304180617,0,8,Yes
Jhon Durán,FWD,0.395622825704593,0,8,Yes
Paul Onuachu,FWD,0.39171888302163804,0,8,Yes
Gabriel Fernando de Jesus,FWD,0.3218791369949638,0,8,Yes
Evan Ferguson,FWD,0.31080385186497683,0,8,Yes
Rodrigo Muniz Carvalho,FWD,0.23319905569883204,0,8,Yes
João Pedro Junqueira de Jesus,FWD,0.19349921156421854,0,8,Yes
George Hirst,FWD,0.17171305478614415,0,8,Yes
Enes Ünal,FWD,0.1443510195503857,0,8,Yes
Taiwo Awoniyi,FWD,0.12781147165786141,0,8,Yes
Ross Stewart,FWD,0.10567946881369293,0,8,Yes
Danny Ings,FWD,0.10138806950136132,0,8,Yes
Odsonne Edouard,FWD,0.09481326119000073,0,8,Yes
Richarlison de Andrade,FWD,0.08612654861456995,0,8,Yes
Adam Armstrong,FWD,0.08037096759941613,0,8,Yes
Will Lankshear,FWD,0.052725486637362096,0,8,Yes
Ali Al-Hamadi,FWD,0.0443250825180659,0,8,Yes
Nathan Butler-Oyedeji,FWD,0.040563825232750414,0,8,Yes
Norberto Bercique Gomes Betuncal,FWD,0.03185334239561687,0,8,Yes
Ethan Wheatley,FWD,0.02941376526795424,0,8,Yes
Leon Chiwome,FWD,0.026989829128809848,0,8,Yes
Daniel Jebbison,FWD,0.02193255904874917,0,8,Yes
William Osula,FWD,0.019054216521327747,0,8,Yes
Niclas Füllkrug,FWD,0.011723883370768769,0,8,Yes
Marc Guiu Paz,FWD,0.008063619360777652,0,8,Yes
Julián Álvarez,FWD,0.004734689620383722,0,8,Yes
Hwang Ui-jo,FWD,0.004053466812237665,0,8,Yes
Ivan Toney,FWD,0.003717215388106423,0,8,Yes
Nathan Fraser,FWD,0.002657433859159359,0,8,Yes
Callum Wilson,FWD,0.002296032542342922,0,8,Yes
Deivid Washington de Souza Eugênio,FWD,0.0020910739354815812,0,8,Yes
Romelu Lukaku Bolingoli,FWD,0.0018870211739265364,0,8,Yes
Fábio Silva,FWD,0.001814406299595284,0,8,Yes
Igor Thiago Nascimento Rodrigues,FWD,0.0018037000844609088,0,8,Yes
Tom Cannon,FWD,0.0016910795875081193,0,8,Yes
Neal Maupay,FWD,0.0016077584980424922,0,8,Yes
Youssef Ramalho Chermiti,FWD,0.0015229514545256875,0,8,Yes
Patson Daka,FWD,0.00041321593665426764,0,8,Yes
Carlos Vinícius Alves Morais,FWD,0.00041183563152360456,0,8,Yes
Emmanuel Dennis,FWD,0.0003992547621404315,0,8,Yes
Dane Scarlett,FWD,0.00021377607545138572,0,8,Yes
Alejo Véliz,FWD,0.00021377607545138572,0,8,Yes
Mark O’Mahony,FWD,0.00019062701154454333,0,8,Yes
Saša Kalajdžić,FWD,0.00014786522004840222,0,8,Yes
Deniz Undav,FWD,0.00013715900491402698,0,8,Yes
David Datro Fofana,FWD,0.00013715900491402698,0,8,Yes
Jay Stansfield,FWD,0.00013620876295969474,0,8,Yes
Armando Broja,FWD,0.00012584208563359527,0,8,Yes
Freddie Ladapo,FWD,0.00012584208563359527,0,8,Yes
Sékou Mara,FWD,0.00012584208563359527,0,8,Yes
Moisés Caicedo Corozo,MID,0.966757154423604,1,8,Yes
Dejan Kulusevski,MID,0.9543008003015382,1,8,Yes
Eberechi Eze,MID,0.9542636472742311,1,8,Yes
Jarrod Bowen,MID,0.9538389664463529,1,8,Yes
Youri Tielemans,MID,0.9506658101824388,1,8,Yes
Lewis Cook,MID,0.94670562883547,1,8,Yes
Bruno Guimarães Rodriguez Moura,MID,0.9440311645734046,1,8,Yes
Alex Iwobi,MID,0.9388328499473939,1,8,Yes
Sam Morsy,MID,0.929355183311917,1,8,Yes
Mateo Kovačić,MID,0.9260385094791213,1,8,Yes
Bernardo Veiga de Carvalho e Silva,MID,0.9236875124050675,1,8,Yes
Morgan Rogers,MID,0.921851148116703,1,8,Yes
Flynn Downes,MID,0.9174254202235645,1,8,Yes
Jack Hinshelwood,MID,0.9164585607060091,1,8,Yes
Dwight McNeil,MID,0.9111861179185377,1,8,Yes
Bryan Mbeumo,MID,0.8997402549719791,1,8,Yes
Mario Lemina,MID,0.8966372874078519,1,8,Yes
Mikkel Damsgaard,MID,0.893379675826954,1,8,Yes
Facundo Buonanotte,MID,0.8923643003205413,1,8,Yes
Joe Aribo,MID,0.891283459274878,1,8,Yes
Joelinton Cássio Apolinário de Lira,MID,0.8907600400522021,1,8,Yes
Wilfred Ndidi,MID,0.888771969849838,1,8,Yes
Abdoulaye Doucouré,MID,0.8863618633417752,1,8,Yes
Callum Hudson-Odoi,MID,0.8848388560033188,1,8,Yes
Marcus Rashford,MID,0.8739572403408273,1,8,Yes
Ryan Yates,MID,0.8733281144536653,1,8,Yes
Omari Giraud-Hutchinson,MID,0.8689947252005494,1,8,Yes
Christian Eriksen,MID,0.8687568691481905,1,8,Yes
Bruno Borges Fernandes,MID,0.8656555899424344,1,8,Yes
Anthony Gordon,MID,0.8637480655713059,1,8,Yes
Ilkay Gündogan,MID,0.8625480738135468,1,8,Yes
Ryan Gravenberch,MID,0.8572451754223539,1,8,Yes
Noni Madueke,MID,0.8548458625810641,1,8,Yes
Adama Traoré,MID,0.8517639775156403,1,8,Yes
Brennan Johnson,MID,0.8481273729378707,1,8,Yes
Jacob Ramsey,MID,0.8453609990727826,1,8,Yes
Stephy Mavididi,MID,0.8433685391032014,1,8,Yes
Vitaly Janelt,MID,0.8293849725314814,1,8,Yes
Declan Rice,MID,0.827456859644222,1,8,Yes
Thomas Partey,MID,0.8272191945964983,1,8,Yes
Carlos Baleba,MID,0.8134109497265285,1,8,Yes
Elliot Anderson,MID,0.8072962086729095,1,8,Yes
Jack Harrison,MID,0.8071514236920644,1,8,Yes
Christian Nørgaard,MID,0.8058516283724207,1,8,Yes
Marcus Tavernier,MID,0.8032067563125753,1,8,Yes
Mohamed Salah,MID,0.8030385170232776,1,8,Yes
Jefferson Lerma Solís,MID,0.8026136264116905,1,8,Yes
Mitoma Kaoru,MID,0.8000123755385986,1,8,Yes
Alejandro Garnacho,MID,0.7981867861839033,1,8,Yes
James Maddison,MID,0.7940300060130463,1,8,Yes
Georginio Rutter,MID,0.7881275887171141,1,8,Yes
Cole Palmer,MID,0.7849507914333071,1,8,Yes
Tomáš Souček,MID,0.7760178048564345,1,8,Yes
Dominik Szoboszlai,MID,0.7725151243762123,1,8,Yes
Tyler Dibling,MID,0.772225466742541,1,8,Yes
Antoine Semenyo,MID,0.7717972173138431,1,8,Yes
Lucas Tolentino Coelho de Lima,MID,0.7713992442246574,1,8,Yes
Daichi Kamada,MID,0.7701645008866114,1,8,Yes
João Victor Gomes da Silva,MID,0.7663769880773867,1,8,Yes
Guido Rodríguez,MID,0.7659233087491176,1,8,Yes
Andreas Hoelgebaum Pereira,MID,0.7630983303293913,1,8,Yes
Enzo Fernández,MID,0.7335644959416568,1,8,Yes
Carlos Henrique Casimiro,MID,0.7309284132290376,1,8,Yes
Curtis Jones,MID,0.7306636790741895,1,8,Yes
Amadou Onana,MID,0.729968760526301,1,8,Yes
Son Heung-min,MID,0.7264350568831666,1,8,Yes
Jérémy Doku,MID,0.7248559558802835,1,8,Yes
Mateus Gonçalo Espanha Fernandes,MID,0.7093852462435519,1,8,Yes
Ryan Christie,MID,0.6950199500273091,1,8,Yes
Mohammed Kudus,MID,0.6873324211639226,1,8,Yes
Keane Lewis-Potter,MID,0.6823270914240052,1,8,Yes
Yves Bissouma,MID,0.6781616234030876,1,8,Yes
Jordan Ayew,MID,0.6769598026068346,1,8,Yes
Emile Smith Rowe,MID,0.6750647664999267,1,8,Yes
Idrissa Gueye,MID,0.6733819707736729,1,8,Yes
Sander Berge,MID,0.6732984159249301,1,8,Yes
Sávio 'Savinho' Moreira de Oliveira,MID,0.6688085273006481,1,8,Yes
Kalvin Phillips,MID,0.6589407080366404,1,8,Yes
Harry Winks,MID,0.6560550605076289,1,8,Yes
Nicolás Domínguez,MID,0.6543993137021055,1,8,Yes
Sandro Tonali,MID,0.6465363237427805,1,8,Yes
Justin Kluivert,MID,0.6312265323043901,1,8,Yes
Jack Clarke,MID,0.6287937587611248,1,8,Yes
Gabriel Martinelli Silva,MID,0.6248261573783501,1,8,Yes
Kevin Schade,MID,0.6199848422057422,1,8,Yes
Leandro Trossard,MID,0.6177809109574243,1,8,Yes
Jacob Murphy,MID,0.6172261552017634,1,8,Yes
Harvey Barnes,MID,0.6005084134281888,1,8,Yes
Jadon Sancho,MID,0.5904288126370102,1,8,Yes
Mikel Merino,MID,0.5810357519623983,1,8,Yes
Oliver Skipp,MID,0.5804741700266719,1,8,Yes
Will Hughes,MID,0.5780742868263524,1,8,Yes
Phil Foden,MID,0.5734841553181365,1,8,Yes
Leon Bailey,MID,0.5606019273898449,1,8,Yes
Yasin Ayari,MID,0.5552238428615464,1,8,Yes
Dango Ouattara,MID,0.5527232097628437,1,8,Yes
Jack Grealish,MID,0.552201143442557,1,8,Yes
Alexis Mac Allister,MID,0.5479041701946371,1,8,Yes
Kobbie Mainoo,MID,0.5427714050485953,1,8,Yes
Abdul Fatawu,MID,0.5369866916496217,1,8,Yes
André Trindade da Costa Neto,MID,0.5366628431442555,1,8,Yes
Pape Matar Sarr,MID,0.5341044527146976,1,8,Yes
Fábio Freitas Gouveia Carvalho,MID,0.5250154528942554,1,8,Yes
Anthony Elanga,MID,0.5151584384507936,1,8,Yes
Alex Scott,MID,0.5079633674157141,1,8,Yes
Diogo Teixeira da Silva,MID,0.5049327609236298,1,8,Yes
Pedro Lomba Neto,MID,0.49559090314699594,0,8,Yes
Luis Díaz,MID,0.4903502541049421,0,8,Yes
Wes Burns,MID,0.48579484013833707,0,8,Yes
Ross Barkley,MID,0.47740294007598094,0,8,Yes
Christopher Nkunku,MID,0.46175468301322925,0,8,Yes
Bilal El Khannouss,MID,0.4607624589348664,0,8,Yes
Rodrigo Bentancur,MID,0.4533188316839354,0,8,Yes
Sam Szmodics,MID,0.45081761309295615,0,8,Yes
Saša Lukić,MID,0.4469885691718472,0,8,Yes
Bukayo Saka,MID,0.44133805542398896,0,8,Yes
Reiss Nelson,MID,0.41947632887788394,0,8,Yes
Timo Werner,MID,0.41688769259463904,0,8,Yes
Roméo Lavia,MID,0.4147245474075686,0,8,Yes
Raheem Sterling,MID,0.4045246453427245,0,8,Yes
Luis Sinisterra,MID,0.39850384347861134,0,8,Yes
James Garner,MID,0.3844148246140343,0,8,Yes
Yankuba Minteh,MID,0.3802638096214149,0,8,Yes
Ismaïla Sarr,MID,0.3767952683128275,0,8,Yes
Adam Wharton,MID,0.36675416036111114,0,8,Yes
Jean-Ricner Bellegarde,MID,0.3592279731455197,0,8,Yes
Orel Mangala,MID,0.3524143592159319,0,8,Yes
Renato Palma Veiga,MID,0.34350384385544147,0,8,Yes
Carlos Roberto Forbs Borges,MID,0.33594494398007557,0,8,Yes
Morgan Gibbs-White,MID,0.333059920605011,0,8,Yes
Mats Wieffer,MID,0.32698755710475685,0,8,Yes
Crysencio Summerville,MID,0.32634269654305387,0,8,Yes
John McGinn,MID,0.32557293426930367,0,8,Yes
Tommy Doyle,MID,0.3191463640819229,0,8,Yes
Yehor Yarmoliuk,MID,0.3147424549307999,0,8,Yes
Joe Willock,MID,0.31013993440157833,0,8,Yes
Carlos Soler,MID,0.3053551844689377,0,8,Yes
João Pedro Ferreira Silva,MID,0.30361951611028987,0,8,Yes
Amad Diallo,MID,0.2803141159375637,0,8,Yes
Kamaldeen Sulemana,MID,0.2765938898920989,0,8,Yes
Emiliano Buendía Stati,MID,0.2701792802576763,0,8,Yes
Edson Álvarez Velázquez,MID,0.2672509918938293,0,8,Yes
Harry Wilson,MID,0.2672507100517286,0,8,Yes
Conor Chaplin,MID,0.2664684832464999,0,8,Yes
Jaden Philogene,MID,0.2652405526443626,0,8,Yes
Jack Taylor,MID,0.2579375261099495,0,8,Yes
Julio Enciso,MID,0.25597868435438953,0,8,Yes
Tom Cairney,MID,0.2546264521721325,0,8,Yes
Kevin De Bruyne,MID,0.2524503260966966,0,8,Yes
Ryan Fraser,MID,0.24771055062872455,0,8,Yes
Tim Iroegbunam,MID,0.24210247016542094,0,8,Yes
Miguel Almirón Rejala,MID,0.23422217016441654,0,8,Yes
Ramón Sosa,MID,0.23289561230195352,0,8,Yes
Matheus Luiz Nunes,MID,0.21117177088806918,0,8,Yes
Martin Ødegaard,MID,0.20160564285567611,0,8,Yes
Sean Longstaff,MID,0.191246972870567,0,8,Yes
Ethan Nwaneri,MID,0.1900758447059001,0,8,Yes
James Ward-Prowse,MID,0.18960429570773774,0,8,Yes
Jeffrey Schlupp,MID,0.18216048766411105,0,8,Yes
Will Smallbone,MID,0.17679916918220595,0,8,Yes
Ibrahim Sangaré,MID,0.1647227510516098,0,8,Yes
Gonçalo Manuel Ganchinho Guedes,MID,0.15914232628888547,0,8,Yes
Manuel Ugarte,MID,0.15707827975525848,0,8,Yes
Bobby De Cordova-Reid,MID,0.15578086224101004,0,8,Yes
Hwang Hee-chan,MID,0.15195432731580966,0,8,Yes
Simon Adingra,MID,0.14403468950156847,0,8,Yes
Asher Agbinone,MID,0.14299441117151604,0,8,Yes
Adam Lallana,MID,0.1376385175822031,0,8,Yes
Archie Gray,MID,0.1343126458709103,0,8,Yes
Jorge Luiz Frello Filho,MID,0.1306842451244897,0,8,Yes
Chiedozie Ogbene,MID,0.1261716435473281,0,8,Yes
Mathias Jensen,MID,0.1248946208831511,0,8,Yes
Lesley Ugochukwu,MID,0.11927430720811631,0,8,Yes
Ben Brereton Díaz,MID,0.11668142659296836,0,8,Yes
João Félix Sequeira,MID,0.11379924001633529,0,8,Yes
Antony Matheus dos Santos,MID,0.10941395573163672,0,8,Yes
Massimo Luongo,MID,0.10297083685648882,0,8,Yes
Harrison Reed,MID,0.102299454583158,0,8,Yes
Mason Mount,MID,0.10084081192607898,0,8,Yes
David Brooks,MID,0.09363798197569126,0,8,Yes
Mikey Moore,MID,0.08569157753908034,0,8,Yes
James Milner,MID,0.07814277300936188,0,8,Yes
Boubakary Soumaré,MID,0.07701157669792377,0,8,Yes
Yunus Emre Konak,MID,0.06972364901623333,0,8,Yes
Pablo Sarabia,MID,0.06922222684502304,0,8,Yes
Wilson Odobert,MID,0.06866795978469938,0,8,Yes
Federico Chiesa,MID,0.06673634699334108,0,8,Yes
Myles Lewis-Skelly,MID,0.0628665178713912,0,8,Yes
Cheick Doucouré,MID,0.05790283674086383,0,8,Yes
Rodrigo 'Rodri' Hernandez,MID,0.056966154294778935,0,8,Yes
Jens Cajuste,MID,0.05411071454151491,0,8,Yes
Rodrigo Martins Gomes,MID,0.052502488467742144,0,8,Yes
Maxwel Cornet,MID,0.05089775040001299,0,8,Yes
Jesper Lindstrøm,MID,0.0495738909733081,0,8,Yes
Lucas Bergvall,MID,0.04954242133899187,0,8,Yes
Andy Irving,MID,0.044415353157151324,0,8,Yes
Michael Golding,MID,0.043063633713604756,0,8,Yes
Mykhailo Mudryk,MID,0.04119635723541011,0,8,Yes
Endo Wataru,MID,0.039529687435152415,0,8,Yes
Kadan Young,MID,0.037452546658673806,0,8,Yes
Hamza Choudhury,MID,0.03668642690226608,0,8,Yes
Ismeal Kabia,MID,0.032776267587886126,0,8,Yes
Salah-Eddine Oulad M'hand,MID,0.032178318173447296,0,8,Yes
Kiernan Dewsbury-Hall,MID,0.031118014565836988,0,8,Yes
Philip Billing,MID,0.026878708406208922,0,8,Yes
Ryan Trevitt,MID,0.026710132893653267,0,8,Yes
Harrison Armstrong,MID,0.024270493287495587,0,8,Yes
Billy Gilmour,MID,0.02413186962214758,0,8,Yes
Samuel Edozie,MID,0.02382354383226724,0,8,Yes
James McAtee,MID,0.022851829108766465,0,8,Yes
Kasey McAteer,MID,0.02197361252724456,0,8,Yes
Brajan Gruda,MID,0.02010200149765915,0,8,Yes
Hamed Traorè,MID,0.017802905075932917,0,8,Yes
Jaidon Anthony,MID,0.01772632748755748,0,8,Yes
Kaden Rodney,MID,0.01719392330784368,0,8,Yes
Matt O'Riley,MID,0.017071692670564673,0,8,Yes
Marcus Myers-Harness,MID,0.0168063410518608,0,8,Yes
Scott McTominay,MID,0.01605483690793429,0,8,Yes
Toby Collyer,MID,0.015897090153024866,0,8,Yes
Jakub Moder,MID,0.015772187210214738,0,8,Yes
Danilo dos Santos de Oliveira,MID,0.015180002919062853,0,8,Yes
Harvey Elliott,MID,0.014949461390154654,0,8,Yes
Tyler Morton,MID,0.014479185045634656,0,8,Yes
Tyler Adams,MID,0.013893291672448115,0,8,Yes
Samuel Amo-Ameyaw,MID,0.013633161801406161,0,8,Yes
Franco Umeh-Chibueze,MID,0.013390092926930712,0,8,Yes
Daniel Castelo Podence,MID,0.012658329267261972,0,8,Yes
Luis Guilherme Lira dos Santos,MID,0.012073621727713126,0,8,Yes
Ethan Brierley,MID,0.011115134737332152,0,8,Yes
Josh King,MID,0.010308882304210223,0,8,Yes
Naouirou Ahamada,MID,0.010281716130654431,0,8,Yes
Will Alves,MID,0.008617543415729846,0,8,Yes
Boubacar Kamara,MID,0.007786879105882148,0,8,Yes
Tony Yogane,MID,0.0074624613251844515,0,8,Yes
Francisco Jorge Tomás Oliveira,MID,0.007386537303784227,0,8,Yes
Eric da Silva Moreira,MID,0.007281481072336648,0,8,Yes
Hannibal Mejbri,MID,0.00701892948098432,0,8,Yes
Luke Cundle,MID,0.006194800756599084,0,8,Yes
Jeremy Sarmiento Morante,MID,0.00609752590560267,0,8,Yes
Matheus França de Oliveira,MID,0.0058937610196079645,0,8,Yes
Omari Kellyman,MID,0.005672887039593829,0,8,Yes
Alex Mighten,MID,0.0054918083499566174,0,8,Yes
Romain Faivre,MID,0.005292013720345152,0,8,Yes
Oscar Bobb,MID,0.005093930828704295,0,8,Yes
Martial Godo,MID,0.0050361818411852445,0,8,Yes
Justin Devenny,MID,0.004996292953068635,0,8,Yes
Cesare Casadei,MID,0.004756501988045273,0,8,Yes
Carlos Alcaraz Durán,MID,0.004656720983147816,0,8,Yes
Enso González,MID,0.004606686988808586,0,8,Yes
Jack Fletcher,MID,0.004583948076414858,0,8,Yes
Josh Bowler,MID,0.004572938196620098,0,8,Yes
Solly March,MID,0.004029910155102061,0,8,Yes
Frank Onyeka,MID,0.0039624388459784474,0,8,Yes
Tawanda Chirewa,MID,0.0039580555172348784,0,8,Yes
Garang Kuol,MID,0.003740056525125648,0,8,Yes
Boubacar Traoré,MID,0.0034411876483999913,0,8,Yes
Leander Dendoncker,MID,0.0032384793380110075,0,8,Yes
James McConnell,MID,0.0031025596200936843,0,8,Yes
Carney Chukwuemeka,MID,0.003062689822779676,0,8,Yes
Manor Solomon,MID,0.002678030024118601,0,8,Yes
Isaac Hayden,MID,0.0026692821901852363,0,8,Yes
Samuel Iling-Junior,MID,0.00263394590915674,0,8,Yes
Jesurun Rak-Sakyi,MID,0.002535324255787026,0,8,Yes
Joe White,MID,0.0025104023364314718,0,8,Yes
Joe Hodge,MID,0.002338174571109565,0,8,Yes
Conor Gallagher,MID,0.0023293940655004742,0,8,Yes
Ângelo Gabriel Borges Damaceno,MID,0.0022597058889472165,0,8,Yes
Alfie Devine,MID,0.00223755911848801,0,8,Yes
Cameron Humphreys,MID,0.002226747336369241,0,8,Yes
Amario Cozier-Duberry,MID,0.0022072358937520555,0,8,Yes
Wanya Marçal-Madivádua,MID,0.0021856799327921866,0,8,Yes
Adrian Mazilu,MID,0.0021166210940167583,0,8,Yes
Stefan Bajčetić Maquieira,MID,0.0021076738590243265,0,8,Yes
Cameron Peupion,MID,0.0018490098146306533,0,8,Yes
Nathan Broadhead,MID,0.0016809107797559524,0,8,Yes
Bobby Clark,MID,0.001656919189448342,0,8,Yes
Mahmoud Dahoud,MID,0.0016405337930109462,0,8,Yes
Nico O'Reilly,MID,0.001631796659163415,0,8,Yes
Shea Charles,MID,0.0016164878856643346,0,8,Yes
Enzo Barrenechea,MID,0.0016158980774934669,0,8,Yes
Fábio Ferreira Vieira,MID,0.0015570417568844927,0,8,Yes
Giovani Lo Celso,MID,0.0014158090454105092,0,8,Yes
Ben Doak,MID,0.0014041323092332425,0,8,Yes
Myles Peart-Harris,MID,0.0013203189798383257,0,8,Yes
George Earthy,MID,0.0011228216781344095,0,8,Yes
Luke Harris,MID,0.0011166672705037208,0,8,Yes
Moussa Diaby,MID,0.0008828010142060547,0,8,Yes
Lewis O'Brien,MID,0.0008635108943014143,0,8,Yes
Gustavo Nunes Fernandes Gomes,MID,0.0008621335690624185,0,8,Yes
Lewis Miley,MID,0.000815086084698799,0,8,Yes
Pascal Groß,MID,0.0008004238971563142,0,8,Yes
Facundo Pellistri Rebollo,MID,0.0006200658373549631,0,8,Yes
Josh Dasilva,MID,0.0005970311003265697,0,8,Yes
Bryan Gil Salvatierra,MID,0.0005743212289782162,0,8,Yes
Jenson Metcalfe,MID,0.000493136714523538,0,8,Yes
Pierre-Emile Højbjerg,MID,0.0004608227222776735,0,8,Yes
Lewis Dobbin,MID,0.0004365881927048304,0,8,Yes
Andrew Moran,MID,0.0004150500149056965,0,8,Yes
David Ozoh,MID,0.0002409014076579262,0,8,Yes
Malcolm Ebiowei,MID,0.0002226327003168096,0,8,Yes
Andrey Nascimento dos Santos,MID,0.00020218164894693442,0,8,Yes
Ibrahim Osman,MID,0.00019472957834079435,0,8,Yes
Benicio Baker-Boaitey,MID,0.00015907406592536623,0,8,Yes
Kacper Kozłowski,MID,0.00015907406592536623,0,8,Yes
Murillo Santiago Costa dos Santos,DEF,0.9396882962528107,1,8,Yes
Marc Guéhi,DEF,0.9379444023394913,1,8,Yes
Pau Torres,DEF,0.9330809231116651,1,8,Yes
Joško Gvardiol,DEF,0.9322967875400778,1,8,Yes
Cristian Romero,DEF,0.9294676006494431,1,8,Yes
James Justin,DEF,0.9285174271168757,1,8,Yes
Maxence Lacroix,DEF,0.9276683924293688,1,8,Yes
Nikola Milenković,DEF,0.9267088309938754,1,8,Yes
Ethan Pinnock,DEF,0.9266923403196663,1,8,Yes
Ola Aina,DEF,0.9255484642029647,1,8,Yes
Diogo Dalot Teixeira,DEF,0.9203607694066189,1,8,Yes
Dan Burn,DEF,0.920122121260766,1,8,Yes
Nathan Collins,DEF,0.919981505005655,1,8,Yes
Virgil van Dijk,DEF,0.9157278553042257,1,8,Yes
James Tarkowski,DEF,0.9152957348381799,1,8,Yes
Pedro Porro,DEF,0.9146992892670027,1,8,Yes
Leif Davis,DEF,0.9125112461440038,1,8,Yes
Ashley Young,DEF,0.9123306390654515,1,8,Yes
Lewis Dunk,DEF,0.9089721527256376,1,8,Yes
Lucas Digne,DEF,0.9073672258548046,1,8,Yes
Micky van de Ven,DEF,0.9072132646451918,1,8,Yes
Aaron Wan-Bissaka,DEF,0.903517243221087,1,8,Yes
Michael Keane,DEF,0.901458392302521,1,8,Yes
Caleb Okoli,DEF,0.8965566073330415,1,8,Yes
Rúben Gato Alves Dias,DEF,0.8956149637258456,1,8,Yes
Gabriel dos Santos Magalhães,DEF,0.8954507321006525,1,8,Yes
Lewis Hall,DEF,0.8940346578819793,1,8,Yes
Malo Gusto,DEF,0.8887119400236401,1,8,Yes
Levi Colwill,DEF,0.8843939980677872,1,8,Yes
Fabian Schär,DEF,0.8783972820204137,1,8,Yes
Illia Zabarnyi,DEF,0.8782662185462354,1,8,Yes
Joël Veltman,DEF,0.8765343479135677,1,8,Yes
Diego Carlos Santos Silva,DEF,0.8759054377526896,1,8,Yes
Milos Kerkez,DEF,0.8758163285252674,1,8,Yes
Kenny Tete,DEF,0.8735020030710579,1,8,Yes
Marcos Senesi,DEF,0.8733266976110121,1,8,Yes
Riccardo Calafiori,DEF,0.8727537953165385,1,8,Yes
Emerson Palmieri dos Santos,DEF,0.8717202548954965,1,8,Yes
Ibrahima Konaté,DEF,0.8704704614588891,1,8,Yes
Daniel Muñoz,DEF,0.8695320464652722,1,8,Yes
Andrew Robertson,DEF,0.8642441940448535,1,8,Yes
Matthijs de Ligt,DEF,0.8633754560636338,1,8,Yes
Rico Lewis,DEF,0.8605287479964145,1,8,Yes
Destiny Udogie,DEF,0.8571801922186216,1,8,Yes
Taylor Harwood-Bellis,DEF,0.8565296371414726,1,8,Yes
Lisandro Martínez,DEF,0.8491059169015422,1,8,Yes
Kyle Walker-Peters,DEF,0.8480064542021704,1,8,Yes
Calvin Bassey,DEF,0.8424028081681149,1,8,Yes
Nélson Cabral Semedo,DEF,0.8419091871214677,1,8,Yes
Antonee Robinson,DEF,0.8363823946607432,1,8,Yes
Max Kilman,DEF,0.8361201225568917,1,8,Yes
Wout Faes,DEF,0.8360779858410349,1,8,Yes
Trent Alexander-Arnold,DEF,0.8332972503233901,1,8,Yes
Igor Julio dos Santos de Paulo,DEF,0.8263891890807625,1,8,Yes
Rayan Aït-Nouri,DEF,0.8191261225487831,1,8,Yes
Matty Cash,DEF,0.8158981674532048,1,8,Yes
Ferdi Kadioglu,DEF,0.8148767132132763,1,8,Yes
Jan Bednarek,DEF,0.8121216996019107,1,8,Yes
Sepp van den Berg,DEF,0.7967781778631906,1,8,Yes
Trevoh Chalobah,DEF,0.7922451873939326,1,8,Yes
Vitalii Mykolenko,DEF,0.7856640524015889,1,8,Yes
Jean-Clair Todibo,DEF,0.7789301626627327,1,8,Yes
Álex Moreno Lopera,DEF,0.772078966251111,1,8,Yes
Jonny Evans,DEF,0.7657239385132237,1,8,Yes
Victor Kristiansen,DEF,0.7590005127048918,1,8,Yes
Kristoffer Ajer,DEF,0.7584863648525851,1,8,Yes
Craig Dawson,DEF,0.7539839496226394,1,8,Yes
Tino Livramento,DEF,0.7391908655146728,1,8,Yes
Luke Woolfenden,DEF,0.7349352371191112,1,8,Yes
Toti António Gomes,DEF,0.7231103882708741,1,8,Yes
Cameron Burgess,DEF,0.7223340504483792,1,8,Yes
John Stones,DEF,0.7215172239458356,1,8,Yes
Sugawara Yukinari,DEF,0.7203088216164827,1,8,Yes
Tyrick Mitchell,DEF,0.718392719368213,1,8,Yes
Ryan Manning,DEF,0.6964946985685582,1,8,Yes
Santiago Bueno,DEF,0.6615927537494924,1,8,Yes
Benjamin White,DEF,0.6609040515165833,1,8,Yes
Julián Araujo Zúñiga,DEF,0.6526649296265583,1,8,Yes
Dara O'Shea,DEF,0.59986469932146,1,8,Yes
Pervis Estupiñán,DEF,0.5639442753791172,1,8,Yes
Adam Smith,DEF,0.5436860788065471,1,8,Yes
Reece James,DEF,0.540614403246773,1,8,Yes
Charlie Taylor,DEF,0.529135722080708,1,8,Yes
Joachim Andersen,DEF,0.5180332444699822,1,8,Yes
Benoît Badiashile,DEF,0.49909179519514074,0,8,Yes
Issa Diop,DEF,0.4820145059140389,0,8,Yes
Neco Williams,DEF,0.47175417171827744,0,8,Yes
Wesley Fofana,DEF,0.45394938850699407,0,8,Yes
Kieran Trippier,DEF,0.45167639523372144,0,8,Yes
William Saliba,DEF,0.451357079260772,0,8,Yes
Marc Cucurella Saseta,DEF,0.4184138349213285,0,8,Yes
Jan Paul van Hecke,DEF,0.4139037701778483,0,8,Yes
Tosin Adarabioyo,DEF,0.41038893286795425,0,8,Yes
Konstantinos Mavropanos,DEF,0.40489781030674915,0,8,Yes
Manuel Akanji,DEF,0.40386709082339256,0,8,Yes
Joe Gomez,DEF,0.3962177295033822,0,8,Yes
Noussair Mazraoui,DEF,0.38769773709252436,0,8,Yes
Jacob Greaves,DEF,0.3833154938145716,0,8,Yes
Jakub Kiwior,DEF,0.34293665549849023,0,8,Yes
Nathaniel Clyne,DEF,0.3142036866073111,0,8,Yes
Ezri Konsa Ngoyo,DEF,0.3068354461450813,0,8,Yes
Jurriën Timber,DEF,0.3018269212207163,0,8,Yes
Kyle Walker,DEF,0.29255726492338646,0,8,Yes
Harry Maguire,DEF,0.286664165849265,0,8,Yes
Harry Clarke,DEF,0.2852040015185382,0,8,Yes
Konstantinos Tsimikas,DEF,0.284860323148919,0,8,Yes
Mads Roerslev Rasmussen,DEF,0.28004637639474744,0,8,Yes
Axel Tuanzebe,DEF,0.274089580242834,0,8,Yes
Ben Johnson,DEF,0.26942330302972545,0,8,Yes
Felipe Rodrigues da Silva,DEF,0.2664053334281351,0,8,Yes
Ian Maatsen,DEF,0.25681391173401824,0,8,Yes
Axel Disasi,DEF,0.23872170376886495,0,8,Yes
Jarrad Branthwaite,DEF,0.2362559285510478,0,8,Yes
Victor Lindelöf,DEF,0.21013088116940493,0,8,Yes
Tomiyasu Takehiro,DEF,0.20191179019999123,0,8,Yes
Chris Richards,DEF,0.19978495617371425,0,8,Yes
Lloyd Kelly,DEF,0.19765478042036042,0,8,Yes
Timothy Castagne,DEF,0.193461693286713,0,8,Yes
Oleksandr Zinchenko,DEF,0.18774682924623393,0,8,Yes
Emil Krafth,DEF,0.18520746847899153,0,8,Yes
Adam Webster,DEF,0.18498735265195956,0,8,Yes
Yerson Mosquera,DEF,0.18378554347884937,0,8,Yes
Vladimír Coufal,DEF,0.18090045052351228,0,8,Yes
Dean Huijsen,DEF,0.1761756731339215,0,8,Yes
Aaron Cresswell,DEF,0.16033786218249663,0,8,Yes
Jannik Vestergaard,DEF,0.14390063893367744,0,8,Yes
Conor Bradley,DEF,0.14281643056063376,0,8,Yes
Kosta Nedeljković,DEF,0.14021108858301504,0,8,Yes
Radu Drăgușin,DEF,0.13900426965742804,0,8,Yes
Jack Stephens,DEF,0.13105696389583185,0,8,Yes
Séamus Coleman,DEF,0.1306450608113652,0,8,Yes
Djed Spence,DEF,0.1296848866698289,0,8,Yes
Lamare Bogarde,DEF,0.12871718544627447,0,8,Yes
Willy Boly,DEF,0.12309716491678199,0,8,Yes
Matt Doherty,DEF,0.11964015938234245,0,8,Yes
Jarell Quansah,DEF,0.11837838674710931,0,8,Yes
Jake O'Brien,DEF,0.1093501697961495,0,8,Yes
Conor Coady,DEF,0.10522232611153036,0,8,Yes
Harry Toffolo,DEF,0.09427636938408283,0,8,Yes
Nathan Aké,DEF,0.09001055761464698,0,8,Yes
Ben Mee,DEF,0.08939052267510568,0,8,Yes
Chadi Riad Dnanou,DEF,0.08707714093650727,0,8,Yes
Roman Dixon,DEF,0.08067555349829357,0,8,Yes
Ben Chilwell,DEF,0.06748606766648316,0,8,Yes
Mason Holgate,DEF,0.06721621126135631,0,8,Yes
Valentín Barco,DEF,0.06315633424558877,0,8,Yes
Ryan Sessegnon,DEF,0.0554155001215778,0,8,Yes
Max Aarons,DEF,0.05389219422875392,0,8,Yes
Ben Davies,DEF,0.05264231883734045,0,8,Yes
Sergio Reguilón,DEF,0.05229414319843534,0,8,Yes
Leny Yoro,DEF,0.05207667569675324,0,8,Yes
Tariq Lamptey,DEF,0.05086756455918381,0,8,Yes
Ricardo Barbosa Pereira,DEF,0.04946755512160008,0,8,Yes
Armel Bella-Kotchap,DEF,0.04815113256627991,0,8,Yes
Pedro Cardoso de Lima,DEF,0.04606151091011366,0,8,Yes
George Edmundson,DEF,0.04602514153943432,0,8,Yes
Tyrone Mings,DEF,0.04531731828391026,0,8,Yes
Luke Thomas,DEF,0.0451532736288177,0,8,Yes
Luke Shaw,DEF,0.04506452974398879,0,8,Yes
Nathan Wood-Gordon,DEF,0.04334916831529037,0,8,Yes
Joel Ward,DEF,0.04298791033061766,0,8,Yes
Alex Murphy,DEF,0.03963802353061661,0,8,Yes
James Hill,DEF,0.03856724172984176,0,8,Yes
Rob Holding,DEF,0.03807065704402572,0,8,Yes
Conor Townsend,DEF,0.03740585327467861,0,8,Yes
João Cavaco Cancelo,DEF,0.0368822066517333,0,8,Yes
Alfie Pond,DEF,0.03669505464545045,0,8,Yes
Jorge Cuenca Barreno,DEF,0.03622102706590025,0,8,Yes
Rico Henry,DEF,0.03540760008062414,0,8,Yes
Kortney Hause,DEF,0.03533162244372334,0,8,Yes
Kim Ji-soo,DEF,0.03295904083532161,0,8,Yes
Maldini Kacurri,DEF,0.03293220778752736,0,8,Yes
Kaelan Casey,DEF,0.03267449560668681,0,8,Yes
Matt Targett,DEF,0.032307368677452805,0,8,Yes
Josh Nichols,DEF,0.0318334897620948,0,8,Yes
Andrew Omobamidele,DEF,0.031038680876401555,0,8,Yes
Kieran Tierney,DEF,0.030959574977752837,0,8,Yes
Jamaal Lascelles,DEF,0.030780067265765158,0,8,Yes
Bastien Meupiyou,DEF,0.03073184835498147,0,8,Yes
Kurt Zouma,DEF,0.02975370544740438,0,8,Yes
James Bree,DEF,0.029593861672818366,0,8,Yes
Ronnie Edwards,DEF,0.029588824611076366,0,8,Yes
Imari Samuels,DEF,0.029076446618885157,0,8,Yes
Sven Botman,DEF,0.028787978513830245,0,8,Yes
Sil Swinkels,DEF,0.028550785206799087,0,8,Yes
Aaron Hickey,DEF,0.028421654717530855,0,8,Yes
Ayden Heaven,DEF,0.027388966960335496,0,8,Yes
Caleb Kporha,DEF,0.026820123587942852,0,8,Yes
Nayef Aguerd,DEF,0.026770049267048086,0,8,Yes
Juan Larios López,DEF,0.026443263703519407,0,8,Yes
Jamal Lewis,DEF,0.024769441491895323,0,8,Yes
Nathan Patterson,DEF,0.02418060417774308,0,8,Yes
Jayden Meghoma,DEF,0.023981600185866217,0,8,Yes
Issa Kaboré,DEF,0.023028923486075933,0,8,Yes
Kevin Mbabu,DEF,0.022826895173302594,0,8,Yes
Chris Mepham,DEF,0.022542394375532994,0,8,Yes
Tyrell Malacia,DEF,0.021393307721849584,0,8,Yes
Hugo Bueno López,DEF,0.02110493875123744,0,8,Yes
Ashley Phillips,DEF,0.020857942853510905,0,8,Yes
Mathias Jorgensen,DEF,0.020242780000752938,0,8,Yes
Malang Sarr,DEF,0.0200251358882769,0,8,Yes
Emerson Leite de Souza Junior,DEF,0.01979755614255336,0,8,Yes
Joe Worrall,DEF,0.019569111751830678,0,8,Yes
Tim Ream,DEF,0.01940536034949025,0,8,Yes
Omar Richards,DEF,0.019384741576770535,0,8,Yes
Nathaniel Phillips,DEF,0.01924626361654271,0,8,Yes
Ki-Jana Hoever,DEF,0.019200418681043992,0,8,Yes
Miodrag Pivaš,DEF,0.0191811335373223,0,8,Yes
Rhys Williams,DEF,0.018135420680359893,0,8,Yes
Lino da Cruz Sousa,DEF,0.01795317294918026,0,8,Yes
Odeluga Offiah,DEF,0.01709219562694868,0,8,Yes
Alfie Gilchrist,DEF,0.016641133840196932,0,8,Yes
Kaine Kesler-Hayden,DEF,0.015276518606160855,0,8,Yes
Elkan Baggott,DEF,0.014894045713727622,0,8,Yes
Caleb Wiley,DEF,0.01477667786950513,0,8,Yes
Jonathan Panzo,DEF,0.014730099913416896,0,8,Yes
Corrie Ndaba,DEF,0.014712356119349167,0,8,Yes
Harry Souttar,DEF,0.01414509732102727,0,8,Yes
Ben Nelson,DEF,0.014069195086600296,0,8,Yes
André Onana,GK,0.9848443706005672,1,8,Yes
Nick Pope,GK,0.9842618714559062,1,8,Yes
Robert Sánchez,GK,0.9839721256477102,1,8,Yes
Guglielmo Vicario,GK,0.9823067151034744,1,8,Yes
Mads Hermansen,GK,0.9801039298420136,1,8,Yes
Emiliano Martínez Romero,GK,0.9792136319933304,1,8,Yes
Dean Henderson,GK,0.9759554110270073,1,8,Yes
Bernd Leno,GK,0.9745770315006431,1,8,Yes
Matz Sels,GK,0.9731697858829621,1,8,Yes
Jordan Pickford,GK,0.9729922400854453,1,8,Yes
Mark Flekken,GK,0.9677105863382167,1,8,Yes
Arijanet Muric,GK,0.9540036004998736,1,8,Yes
Kepa Arrizabalaga,GK,0.949435647900461,1,8,Yes
Bart Verbruggen,GK,0.9087118295748687,1,8,Yes
David Raya Martin,GK,0.8979043043570143,1,8,Yes
Ederson Santana de Moraes,GK,0.8880420287983083,1,8,Yes
Aaron Ramsdale,GK,0.8604915129696324,1,8,Yes
Alphonse Areola,GK,0.8577114713312337,1,8,Yes
Caoimhin Kelleher,GK,0.8554863451348206,1,8,Yes
José Malheiro de Sá,GK,0.8225478130528097,1,8,Yes
Alisson Ramses Becker,GK,0.6247324110443863,1,8,Yes
Sam Johnstone,GK,0.34142772087865564,0,8,Yes
Łukasz Fabiański,GK,0.15998150305573272,0,8,Yes
Norberto Murara Neto,GK,0.1476157933299717,0,8,Yes
Jason Steele,GK,0.13203183583496145,0,8,Yes
Matt Turner,GK,0.12292151759601166,0,8,Yes
Vítezslav Jaros,GK,0.10322082943428887,0,8,Yes
Alex McCarthy,GK,0.09973938634778892,0,8,Yes
Christian Walton,GK,0.0816966306944436,0,8,Yes
Mark Travers,GK,0.0728849562962746,0,8,Yes
Hákon Valdimarsson,GK,0.05441695618334454,0,8,Yes
Danny Ward,GK,0.047452751180705806,0,8,Yes
Daniel Bentley,GK,0.03902142133494119,0,8,Yes
Tom King,GK,0.03848141259832414,0,8,Yes
Alfie Whiteman,GK,0.03777036866555059,0,8,Yes
Stefan Ortega Moreno,GK,0.03715263613628585,0,8,Yes
Carlos Miguel dos Santos Pereira,GK,0.03713593076000571,0,8,Yes
Robin Olsen,GK,0.03695647507964765,0,8,Yes
Joe Gauci,GK,0.03695112232684663,0,8,Yes
Martin Dúbravka,GK,0.036311214185272764,0,8,Yes
Filip Jørgensen,GK,0.035970126345054955,0,8,Yes
Oliwier Zych,GK,0.03507001331387012,0,8,Yes
Tommy Setford,GK,0.034879246739459815,0,8,Yes
Fraser Forster,GK,0.034713328127751304,0,8,Yes
Lucas Bergström,GK,0.03467947177043221,0,8,Yes
Cieran Slicker,GK,0.03429358851987923,0,8,Yes
Wes Foderingham,GK,0.03366577116196067,0,8,Yes
Remi Matthews,GK,0.03363026989687509,0,8,Yes
Daniel Iversen,GK,0.03342834343590086,0,8,Yes
Brandon Austin,GK,0.03340437832554548,0,8,Yes
Marcus Bettinelli,GK,0.03321940831173891,0,8,Yes
Altay Bayindir,GK,0.0331671726792388,0,8,Yes
João Neves Virgínia,GK,0.03309271616016971,0,8,Yes
Tom Heaton,GK,0.033022076738354125,0,8,Yes
Steven Benda,GK,0.03299129810296239,0,8,Yes
Đorđe Petrović,GK,0.03288742903055287,0,8,Yes
John Ruddy,GK,0.03288200951221225,0,8,Yes
Joe Lumley,GK,0.03264409992226897,0,8,Yes
Gavin Bazunu,GK,0.032637112786124765,0,8,Yes
Odysseas Vlachodimos,GK,0.03257794351274426,0,8,Yes
Scott Carson,GK,0.032189890338236445,0,8,Yes
Asmir Begovic,GK,0.03140375165910173,0,8,Yes
Will Dennis,GK,0.03125789477173478,0,8,Yes
Karl Hein,GK,0.028769438713119405,0,8,Yes
Alex Paulsen,GK,0.028662202812562126,0,8,Yes
Filip Marschall,GK,0.02829388244017446,0,8,Yes
Viljami Sinisalo,GK,0.02829388244017446,0,8,Yes
Mateusz Lis,GK,0.02821961380754385,0,8,Yes
Jakub Stolarczyk,GK,0.0278046331884948,0,8,Yes
Carl Rushworth,GK,0.02626596328044617,0,8,Yes
